Anio,Periodo,Nombre
2017,01,8_504_201710001_101_ca93db5e-c17a-4e39-b405-f4fe4e071f07.pdf
2017,01,8_504_201710001_101_ca93db5e-c17a-4e39-b405-f4fe4e071f07.xml
2017,01,8_504_201710001_102_cff54c33-e233-47d6-8b5c-b89496cc1020.pdf
2017,01,8_504_201710001_102_cff54c33-e233-47d6-8b5c-b89496cc1020.xml
2017,01,8_504_201710001_103_0fcc0f6d-6115-4cbe-b9c2-9e8c32088b37.pdf
2017,01,8_504_201710001_103_0fcc0f6d-6115-4cbe-b9c2-9e8c32088b37.xml
2017,01,8_504_201710001_104_3dcca14d-bab9-4fd0-aa63-a08ae9cf05cc.pdf
2017,01,8_504_201710001_104_3dcca14d-bab9-4fd0-aa63-a08ae9cf05cc.xml
2017,01,8_504_201710001_14_8c9d8e5c-3388-4c70-a9de-51c2656977f5.pdf
2017,01,8_504_201710001_14_8c9d8e5c-3388-4c70-a9de-51c2656977f5.xml
2017,01,8_504_201710001_15_90844207-618e-4dc7-8b37-b310490fbf21.pdf
2017,01,8_504_201710001_15_90844207-618e-4dc7-8b37-b310490fbf21.xml
2017,01,8_504_201710001_17_0fbb06a9-2dba-45d9-b9ea-f50882dfaf81.pdf
2017,01,8_504_201710001_17_0fbb06a9-2dba-45d9-b9ea-f50882dfaf81.xml
2017,01,8_504_201710001_1_4fc12540-d4ac-4364-9b6b-b01e536fd534.pdf
2017,01,8_504_201710001_1_4fc12540-d4ac-4364-9b6b-b01e536fd534.xml
2017,01,8_504_201710001_20_15bf2fd8-f727-4cf6-9b30-f9994d817ea0.pdf
2017,01,8_504_201710001_20_15bf2fd8-f727-4cf6-9b30-f9994d817ea0.xml
2017,01,8_504_201710001_23_118f37f3-1ebc-44f5-94e7-9b7ca18e1009.pdf
2017,01,8_504_201710001_23_118f37f3-1ebc-44f5-94e7-9b7ca18e1009.xml
2017,01,8_504_201710001_25_c3642564-f937-43f0-a109-99689eda7f43.pdf
2017,01,8_504_201710001_25_c3642564-f937-43f0-a109-99689eda7f43.xml
2017,01,8_504_201710001_28_08229d6f-0c9c-45ad-967d-a6c7f220c9e3.pdf
2017,01,8_504_201710001_28_08229d6f-0c9c-45ad-967d-a6c7f220c9e3.xml
2017,01,8_504_201710001_32_4fb5827d-8c75-4811-b513-34ff3cadf072.pdf
2017,01,8_504_201710001_32_4fb5827d-8c75-4811-b513-34ff3cadf072.xml
2017,01,8_504_201710001_33_c0354563-696d-4bfb-9a10-ccdc87aabe81.pdf
2017,01,8_504_201710001_33_c0354563-696d-4bfb-9a10-ccdc87aabe81.xml
2017,01,8_504_201710001_37_51a0b09d-0be1-4d76-9872-39bf0b03b05d.pdf
2017,01,8_504_201710001_37_51a0b09d-0be1-4d76-9872-39bf0b03b05d.xml
2017,01,8_504_201710001_38_3029970d-9d43-42a6-9c15-fc6d61a36958.pdf
2017,01,8_504_201710001_38_3029970d-9d43-42a6-9c15-fc6d61a36958.xml
2017,01,8_504_201710001_39_136ffe73-3f68-4ebd-80a2-c060809db0b3.pdf
2017,01,8_504_201710001_39_136ffe73-3f68-4ebd-80a2-c060809db0b3.xml
2017,01,8_504_201710001_3_6f5b6e02-89b6-43c3-ad8f-d10cff30b0f9.pdf
2017,01,8_504_201710001_3_6f5b6e02-89b6-43c3-ad8f-d10cff30b0f9.xml
2017,01,8_504_201710001_40_36caef42-7478-4ffc-a3a5-5301bfa58c0b.pdf
2017,01,8_504_201710001_40_36caef42-7478-4ffc-a3a5-5301bfa58c0b.xml
2017,01,8_504_201710001_42_c56fccc5-944d-4ebe-a525-e72457b51f38.pdf
2017,01,8_504_201710001_42_c56fccc5-944d-4ebe-a525-e72457b51f38.xml
2017,01,8_504_201710001_45_7d76a8f1-4c26-449e-a55d-0d58f7bcfbe3.pdf
2017,01,8_504_201710001_45_7d76a8f1-4c26-449e-a55d-0d58f7bcfbe3.xml
2017,01,8_504_201710001_46_fac16b21-70a8-4184-b1e9-f30ef2a6b823.pdf
2017,01,8_504_201710001_46_fac16b21-70a8-4184-b1e9-f30ef2a6b823.xml
2017,01,8_504_201710001_48_ad4d7869-643a-451d-8b49-c3818c5e9c2f.pdf
2017,01,8_504_201710001_48_ad4d7869-643a-451d-8b49-c3818c5e9c2f.xml
2017,01,8_504_201710001_49_0b76aac3-1d52-4f13-87a9-8870a4b1a226.pdf
2017,01,8_504_201710001_49_0b76aac3-1d52-4f13-87a9-8870a4b1a226.xml
2017,01,8_504_201710001_51_37ad7a90-a497-4fee-a702-3be36f227119.pdf
2017,01,8_504_201710001_51_37ad7a90-a497-4fee-a702-3be36f227119.xml
2017,01,8_504_201710001_52_8c30eb9f-f6cb-4597-a33a-4daa431996a5.pdf
2017,01,8_504_201710001_52_8c30eb9f-f6cb-4597-a33a-4daa431996a5.xml
2017,01,8_504_201710001_53_5d3026a1-0356-48aa-87dd-c732a86b0646.pdf
2017,01,8_504_201710001_53_5d3026a1-0356-48aa-87dd-c732a86b0646.xml
2017,01,8_504_201710001_54_6c9da9d3-5151-42ca-a2ef-77293a97055f.pdf
2017,01,8_504_201710001_54_6c9da9d3-5151-42ca-a2ef-77293a97055f.xml
2017,01,8_504_201710001_55_bd6d25e6-707a-4cb6-aa2d-845959d76b5d.pdf
2017,01,8_504_201710001_55_bd6d25e6-707a-4cb6-aa2d-845959d76b5d.xml
2017,01,8_504_201710001_58_7f10edfa-e09c-4ab9-8063-44ac6fcb69bb.pdf
2017,01,8_504_201710001_58_7f10edfa-e09c-4ab9-8063-44ac6fcb69bb.xml
2017,01,8_504_201710001_5_8f3b5aad-9f45-4980-87c7-8f14d61ed4f0.pdf
2017,01,8_504_201710001_5_8f3b5aad-9f45-4980-87c7-8f14d61ed4f0.xml
2017,01,8_504_201710001_60_b9486b6a-b135-47e5-b850-a5f080e5511f.pdf
2017,01,8_504_201710001_60_b9486b6a-b135-47e5-b850-a5f080e5511f.xml
2017,01,8_504_201710001_63_78fe7708-d816-48c0-ade9-dbc944255c22.pdf
2017,01,8_504_201710001_63_78fe7708-d816-48c0-ade9-dbc944255c22.xml
2017,01,8_504_201710001_64_a36d90eb-5b6f-40ca-9dc1-5fd2c4877a27.pdf
2017,01,8_504_201710001_64_a36d90eb-5b6f-40ca-9dc1-5fd2c4877a27.xml
2017,01,8_504_201710001_65_31d1b2fc-e43f-4f8f-8388-dabfe82b998f.pdf
2017,01,8_504_201710001_65_31d1b2fc-e43f-4f8f-8388-dabfe82b998f.xml
2017,01,8_504_201710001_67_328d1f5b-6b59-4b1b-8f9d-0746b5e1d24c.pdf
2017,01,8_504_201710001_67_328d1f5b-6b59-4b1b-8f9d-0746b5e1d24c.xml
2017,01,8_504_201710001_69_76e77f92-8e57-49c5-8107-0b650372d703.pdf
2017,01,8_504_201710001_69_76e77f92-8e57-49c5-8107-0b650372d703.xml
2017,01,8_504_201710001_70_b7dacebd-fbab-4126-928e-564dd2e1d615.pdf
2017,01,8_504_201710001_70_b7dacebd-fbab-4126-928e-564dd2e1d615.xml
2017,01,8_504_201710001_74_66b3a316-4ff2-408d-be3f-b54d747dbf08.pdf
2017,01,8_504_201710001_74_66b3a316-4ff2-408d-be3f-b54d747dbf08.xml
2017,01,8_504_201710001_76_6ace06fd-8536-456d-8472-f9b9f6945410.pdf
2017,01,8_504_201710001_76_6ace06fd-8536-456d-8472-f9b9f6945410.xml
2017,01,8_504_201710001_77_3315dbd9-8ed1-4d5e-a706-8f40b0fc61cd.pdf
2017,01,8_504_201710001_77_3315dbd9-8ed1-4d5e-a706-8f40b0fc61cd.xml
2017,01,8_504_201710001_79_dde6f559-ee03-4a67-86e9-70e6f44ad842.pdf
2017,01,8_504_201710001_79_dde6f559-ee03-4a67-86e9-70e6f44ad842.xml
2017,01,8_504_201710001_82_a8d2e5d6-7e02-4d7c-b058-3aa16fbc1e33.pdf
2017,01,8_504_201710001_82_a8d2e5d6-7e02-4d7c-b058-3aa16fbc1e33.xml
2017,01,8_504_201710001_83_73a7f304-0d89-41bb-879d-fd31d42d92b8.pdf
2017,01,8_504_201710001_83_73a7f304-0d89-41bb-879d-fd31d42d92b8.xml
2017,01,8_504_201710001_84_f725b738-0353-4b35-94fd-7dd753bddf68.pdf
2017,01,8_504_201710001_84_f725b738-0353-4b35-94fd-7dd753bddf68.xml
2017,01,8_504_201710001_85_a231822c-b630-45dd-92e8-a8f540f3e0bb.pdf
2017,01,8_504_201710001_85_a231822c-b630-45dd-92e8-a8f540f3e0bb.xml
2017,01,8_504_201710001_87_97bac74e-cfc7-44d5-8afc-12c87b1a99ba.pdf
2017,01,8_504_201710001_87_97bac74e-cfc7-44d5-8afc-12c87b1a99ba.xml
2017,01,8_504_201710001_88_62c9a03a-3c9d-4107-891c-41813ec607ad.pdf
2017,01,8_504_201710001_88_62c9a03a-3c9d-4107-891c-41813ec607ad.xml
2017,01,8_504_201710001_8_60a851e1-4b66-47aa-89fd-51134861901c.pdf
2017,01,8_504_201710001_8_60a851e1-4b66-47aa-89fd-51134861901c.xml
2017,01,8_504_201710001_92_09d252d8-9972-4d0d-aa5a-d43e23fd371c.pdf
2017,01,8_504_201710001_92_09d252d8-9972-4d0d-aa5a-d43e23fd371c.xml
2017,01,8_504_201710001_93_a965815b-b286-4b00-88b4-8d1ad35d2c2a.pdf
2017,01,8_504_201710001_93_a965815b-b286-4b00-88b4-8d1ad35d2c2a.xml
2017,01,8_504_201710001_94_dc12d69c-1894-4b31-91a7-d30c0d0b414a.pdf
2017,01,8_504_201710001_94_dc12d69c-1894-4b31-91a7-d30c0d0b414a.xml
2017,01,8_504_201710001_96_a4850af0-3edc-41d5-a516-d748ffa7b582.pdf
2017,01,8_504_201710001_96_a4850af0-3edc-41d5-a516-d748ffa7b582.xml
2017,01,8_504_201710001_97_943b8278-c2fa-4542-bc2d-f1657dbf0040.pdf
2017,01,8_504_201710001_97_943b8278-c2fa-4542-bc2d-f1657dbf0040.xml
2017,01,8_504_201710001_98_c821ea9e-45f6-4faa-a2f9-b6b68b14ff33.pdf
2017,01,8_504_201710001_98_c821ea9e-45f6-4faa-a2f9-b6b68b14ff33.xml
2017,01,8_504_201710001_99_4f0961c2-602e-4046-bfb3-aa4d965fb10f.pdf
2017,01,8_504_201710001_99_4f0961c2-602e-4046-bfb3-aa4d965fb10f.xml
2017,01,8_504_201710001_9_36635e31-2256-46a0-bf26-fe2be6b09761.pdf
2017,01,8_504_201710001_9_36635e31-2256-46a0-bf26-fe2be6b09761.xml
